Depress√£o do segmento ST,Ascendente,Horizontal,Descendente
Up,1,0,0
Flat,0,1,0
Up,1,0,0
Flat,0,1,0
Up,1,0,0
Up,1,0,0
Up,1,0,0
Up,1,0,0
Flat,0,1,0
Up,1,0,0
Up,1,0,0
Flat,0,1,0
Up,1,0,0
Flat,0,1,0
Up,1,0,0
Flat,0,1,0
Flat,0,1,0
Up,1,0,0
Flat,0,1,0
Flat,0,1,0
Up,1,0,0
Flat,0,1,0
Up,1,0,0
Flat,0,1,0
Up,1,0,0
Up,1,0,0
Flat,0,1,0
Up,1,0,0
Up,1,0,0
Up,1,0,0
Flat,0,1,0
Up,1,0,0
Flat,0,1,0
Flat,0,1,0
Up,1,0,0
Up,1,0,0
Flat,0,1,0
Up,1,0,0
Up,1,0,0
Flat,0,1,0
Up,1,0,0
Flat,0,1,0
Up,1,0,0
Up,1,0,0
Flat,0,1,0
Flat,0,1,0
Up,1,0,0
Up,1,0,0
Flat,0,1,0
Flat,0,1,0
Flat,0,1,0
Flat,0,1,0
Up,1,0,0
Up,1,0,0
Flat,0,1,0
Up,1,0,0
Flat,0,1,0
Flat,0,1,0
Up,1,0,0
Flat,0,1,0
Up,1,0,0
Up,1,0,0
Up,1,0,0
Flat,0,1,0
Up,1,0,0
Up,1,0,0
Up,1,0,0
Up,1,0,0
Flat,0,1,0
Up,1,0,0
Flat,0,1,0
Up,1,0,0
Flat,0,1,0
Up,1,0,0
Flat,0,1,0
Up,1,0,0
Flat,0,1,0
Up,1,0,0
Up,1,0,0
Flat,0,1,0
Up,1,0,0
Up,1,0,0
Flat,0,1,0
Up,1,0,0
Flat,0,1,0
Flat,0,1,0
Flat,0,1,0
Flat,0,1,0
Flat,0,1,0
Flat,0,1,0
Up,1,0,0
Up,1,0,0
Up,1,0,0
Flat,0,1,0
Up,1,0,0
Flat,0,1,0
Up,1,0,0
Up,1,0,0
Up,1,0,0
Up,1,0,0
Flat,0,1,0
Up,1,0,0
Flat,0,1,0
Flat,0,1,0
Flat,0,1,0
Up,1,0,0
Up,1,0,0
Up,1,0,0
Up,1,0,0
Up,1,0,0
Flat,0,1,0
Flat,0,1,0
Up,1,0,0
Up,1,0,0
Up,1,0,0
Flat,0,1,0
Flat,0,1,0
Flat,0,1,0
Up,1,0,0
Flat,0,1,0
Flat,0,1,0
Up,1,0,0
Up,1,0,0
Flat,0,1,0
Up,1,0,0
Up,1,0,0
Up,1,0,0
Up,1,0,0
Up,1,0,0
Flat,0,1,0
Up,1,0,0
Flat,0,1,0
Flat,0,1,0
Flat,0,1,0
Flat,0,1,0
Flat,0,1,0
Up,1,0,0
Up,1,0,0
Flat,0,1,0
Flat,0,1,0
Flat,0,1,0
Flat,0,1,0
Flat,0,1,0
Up,1,0,0
Flat,0,1,0
Up,1,0,0
Up,1,0,0
Up,1,0,0
Up,1,0,0
Flat,0,1,0
Up,1,0,0
Up,1,0,0
Up,1,0,0
Up,1,0,0
Up,1,0,0
Flat,0,1,0
Flat,0,1,0
Up,1,0,0
Flat,0,1,0
Up,1,0,0
Flat,0,1,0
Flat,0,1,0
Up,1,0,0
Up,1,0,0
Up,1,0,0
Flat,0,1,0
Flat,0,1,0
Up,1,0,0
Up,1,0,0
Up,1,0,0
Up,1,0,0
Up,1,0,0
Up,1,0,0
Up,1,0,0
Flat,0,1,0
Flat,0,1,0
Flat,0,1,0
Up,1,0,0
Up,1,0,0
Up,1,0,0
Flat,0,1,0
Up,1,0,0
Flat,0,1,0
Flat,0,1,0
Up,1,0,0
Flat,0,1,0
Up,1,0,0
Flat,0,1,0
Flat,0,1,0
Flat,0,1,0
Up,1,0,0
Up,1,0,0
Up,1,0,0
Up,1,0,0
Up,1,0,0
Up,1,0,0
Flat,0,1,0
Up,1,0,0
Flat,0,1,0
Flat,0,1,0
Up,1,0,0
Up,1,0,0
Up,1,0,0
Up,1,0,0
Up,1,0,0
Up,1,0,0
Up,1,0,0
Flat,0,1,0
Up,1,0,0
Flat,0,1,0
Flat,0,1,0
Flat,0,1,0
Up,1,0,0
Up,1,0,0
Flat,0,1,0
Up,1,0,0
Flat,0,1,0
Up,1,0,0
Up,1,0,0
Up,1,0,0
Flat,0,1,0
Flat,0,1,0
Up,1,0,0
Up,1,0,0
Up,1,0,0
Flat,0,1,0
Up,1,0,0
Flat,0,1,0
Up,1,0,0
Up,1,0,0
Up,1,0,0
Up,1,0,0
Up,1,0,0
Up,1,0,0
Up,1,0,0
Flat,0,1,0
Flat,0,1,0
Flat,0,1,0
Flat,0,1,0
Flat,0,1,0
Up,1,0,0
Flat,0,1,0
Flat,0,1,0
Up,1,0,0
Flat,0,1,0
Up,1,0,0
Flat,0,1,0
Down,0,0,1
Flat,0,1,0
Flat,0,1,0
Flat,0,1,0
Flat,0,1,0
Up,1,0,0
Up,1,0,0
Flat,0,1,0
Up,1,0,0
Up,1,0,0
Up,1,0,0
Up,1,0,0
Up,1,0,0
Up,1,0,0
Up,1,0,0
Flat,0,1,0
Flat,0,1,0
Flat,0,1,0
Up,1,0,0
Flat,0,1,0
Up,1,0,0
Flat,0,1,0
Flat,0,1,0
Up,1,0,0
Up,1,0,0
Flat,0,1,0
Up,1,0,0
Up,1,0,0
Up,1,0,0
Flat,0,1,0
Flat,0,1,0
Flat,0,1,0
Up,1,0,0
Up,1,0,0
Flat,0,1,0
Up,1,0,0
Up,1,0,0
Up,1,0,0
Up,1,0,0
Up,1,0,0
Up,1,0,0
Up,1,0,0
Up,1,0,0
Up,1,0,0
Up,1,0,0
Up,1,0,0
Flat,0,1,0
Up,1,0,0
Up,1,0,0
Flat,0,1,0
Up,1,0,0
Flat,0,1,0
Up,1,0,0
Flat,0,1,0
Up,1,0,0
Up,1,0,0
Down,0,0,1
Flat,0,1,0
Up,1,0,0
Flat,0,1,0
Down,0,0,1
Up,1,0,0
Down,0,0,1
Up,1,0,0
Up,1,0,0
Up,1,0,0
Up,1,0,0
Down,0,0,1
Up,1,0,0
Flat,0,1,0
Up,1,0,0
Flat,0,1,0
Up,1,0,0
Flat,0,1,0
Flat,0,1,0
Up,1,0,0
Down,0,0,1
Flat,0,1,0
Down,0,0,1
Up,1,0,0
Up,1,0,0
Flat,0,1,0
Down,0,0,1
Up,1,0,0
Up,1,0,0
Up,1,0,0
Up,1,0,0
Up,1,0,0
Flat,0,1,0
Flat,0,1,0
Up,1,0,0
Up,1,0,0
Down,0,0,1
Down,0,0,1
Down,0,0,1
Flat,0,1,0
Flat,0,1,0
Flat,0,1,0
Flat,0,1,0
Flat,0,1,0
Flat,0,1,0
Flat,0,1,0
Flat,0,1,0
Flat,0,1,0
Up,1,0,0
Down,0,0,1
Flat,0,1,0
Up,1,0,0
Flat,0,1,0
Flat,0,1,0
Flat,0,1,0
Flat,0,1,0
Flat,0,1,0
Flat,0,1,0
Flat,0,1,0
Flat,0,1,0
Flat,0,1,0
Flat,0,1,0
Flat,0,1,0
Flat,0,1,0
Up,1,0,0
Flat,0,1,0
Flat,0,1,0
Up,1,0,0
Flat,0,1,0
Up,1,0,0
Flat,0,1,0
Down,0,0,1
Up,1,0,0
Flat,0,1,0
Flat,0,1,0
Flat,0,1,0
Up,1,0,0
Flat,0,1,0
Flat,0,1,0
Flat,0,1,0
Flat,0,1,0
Flat,0,1,0
Flat,0,1,0
Flat,0,1,0
Flat,0,1,0
Flat,0,1,0
Flat,0,1,0
Flat,0,1,0
Flat,0,1,0
Flat,0,1,0
Flat,0,1,0
Flat,0,1,0
Flat,0,1,0
Flat,0,1,0
Flat,0,1,0
Up,1,0,0
Flat,0,1,0
Flat,0,1,0
Flat,0,1,0
Flat,0,1,0
Flat,0,1,0
Flat,0,1,0
Flat,0,1,0
Flat,0,1,0
Flat,0,1,0
Flat,0,1,0
Flat,0,1,0
Flat,0,1,0
Flat,0,1,0
Flat,0,1,0
Flat,0,1,0
Flat,0,1,0
Flat,0,1,0
Flat,0,1,0
Up,1,0,0
Down,0,0,1
Up,1,0,0
Flat,0,1,0
Up,1,0,0
Flat,0,1,0
Flat,0,1,0
Up,1,0,0
Flat,0,1,0
Up,1,0,0
Flat,0,1,0
Flat,0,1,0
Flat,0,1,0
Flat,0,1,0
Up,1,0,0
Down,0,0,1
Flat,0,1,0
Down,0,0,1
Up,1,0,0
Up,1,0,0
Flat,0,1,0
Flat,0,1,0
Up,1,0,0
Up,1,0,0
Flat,0,1,0
Flat,0,1,0
Flat,0,1,0
Flat,0,1,0
Flat,0,1,0
Flat,0,1,0
Up,1,0,0
Flat,0,1,0
Flat,0,1,0
Down,0,0,1
Flat,0,1,0
Flat,0,1,0
Up,1,0,0
Flat,0,1,0
Up,1,0,0
Flat,0,1,0
Flat,0,1,0
Flat,0,1,0
Up,1,0,0
Flat,0,1,0
Flat,0,1,0
Down,0,0,1
Up,1,0,0
Down,0,0,1
Up,1,0,0
Flat,0,1,0
Up,1,0,0
Up,1,0,0
Flat,0,1,0
Flat,0,1,0
Flat,0,1,0
Flat,0,1,0
Flat,0,1,0
Up,1,0,0
Flat,0,1,0
Up,1,0,0
Down,0,0,1
Flat,0,1,0
Flat,0,1,0
Flat,0,1,0
Down,0,0,1
Up,1,0,0
Down,0,0,1
Flat,0,1,0
Flat,0,1,0
Up,1,0,0
Flat,0,1,0
Up,1,0,0
Flat,0,1,0
Flat,0,1,0
Flat,0,1,0
Flat,0,1,0
Flat,0,1,0
Flat,0,1,0
Flat,0,1,0
Down,0,0,1
Down,0,0,1
Flat,0,1,0
Flat,0,1,0
Down,0,0,1
Flat,0,1,0
Flat,0,1,0
Up,1,0,0
Down,0,0,1
Flat,0,1,0
Flat,0,1,0
Up,1,0,0
Down,0,0,1
Flat,0,1,0
Up,1,0,0
Flat,0,1,0
Up,1,0,0
Flat,0,1,0
Up,1,0,0
Flat,0,1,0
Flat,0,1,0
Flat,0,1,0
Down,0,0,1
Up,1,0,0
Flat,0,1,0
Down,0,0,1
Up,1,0,0
Flat,0,1,0
Up,1,0,0
Up,1,0,0
Flat,0,1,0
Up,1,0,0
Flat,0,1,0
Flat,0,1,0
Flat,0,1,0
Flat,0,1,0
Flat,0,1,0
Flat,0,1,0
Down,0,0,1
Flat,0,1,0
Flat,0,1,0
Down,0,0,1
Flat,0,1,0
Up,1,0,0
Flat,0,1,0
Down,0,0,1
Flat,0,1,0
Down,0,0,1
Up,1,0,0
Up,1,0,0
Flat,0,1,0
Down,0,0,1
Up,1,0,0
Up,1,0,0
Flat,0,1,0
Up,1,0,0
Flat,0,1,0
Flat,0,1,0
Up,1,0,0
Flat,0,1,0
Down,0,0,1
Flat,0,1,0
Flat,0,1,0
Down,0,0,1
Up,1,0,0
Up,1,0,0
Flat,0,1,0
Flat,0,1,0
Flat,0,1,0
Flat,0,1,0
Flat,0,1,0
Flat,0,1,0
Down,0,0,1
Flat,0,1,0
Down,0,0,1
Flat,0,1,0
Flat,0,1,0
Flat,0,1,0
Flat,0,1,0
Flat,0,1,0
Flat,0,1,0
Flat,0,1,0
Down,0,0,1
Flat,0,1,0
Flat,0,1,0
Up,1,0,0
Flat,0,1,0
Up,1,0,0
Flat,0,1,0
Flat,0,1,0
Flat,0,1,0
Flat,0,1,0
Flat,0,1,0
Flat,0,1,0
Up,1,0,0
Up,1,0,0
Down,0,0,1
Flat,0,1,0
Up,1,0,0
Flat,0,1,0
Flat,0,1,0
Up,1,0,0
Down,0,0,1
Flat,0,1,0
Flat,0,1,0
Flat,0,1,0
Flat,0,1,0
Down,0,0,1
Up,1,0,0
Up,1,0,0
Flat,0,1,0
Flat,0,1,0
Flat,0,1,0
Flat,0,1,0
Flat,0,1,0
Up,1,0,0
Flat,0,1,0
Up,1,0,0
Flat,0,1,0
Flat,0,1,0
Flat,0,1,0
Up,1,0,0
Flat,0,1,0
Up,1,0,0
Up,1,0,0
Flat,0,1,0
Flat,0,1,0
Flat,0,1,0
Flat,0,1,0
Flat,0,1,0
Up,1,0,0
Up,1,0,0
Flat,0,1,0
Up,1,0,0
Flat,0,1,0
Flat,0,1,0
Down,0,0,1
Flat,0,1,0
Up,1,0,0
Flat,0,1,0
Flat,0,1,0
Flat,0,1,0
Up,1,0,0
Up,1,0,0
Up,1,0,0
Flat,0,1,0
Up,1,0,0
Flat,0,1,0
Up,1,0,0
Flat,0,1,0
Up,1,0,0
Up,1,0,0
Down,0,0,1
Flat,0,1,0
Up,1,0,0
Up,1,0,0
Up,1,0,0
Up,1,0,0
Up,1,0,0
Up,1,0,0
Up,1,0,0
Up,1,0,0
Up,1,0,0
Flat,0,1,0
Up,1,0,0
Up,1,0,0
Up,1,0,0
Flat,0,1,0
Flat,0,1,0
Flat,0,1,0
Up,1,0,0
Up,1,0,0
Up,1,0,0
Flat,0,1,0
Up,1,0,0
Flat,0,1,0
Up,1,0,0
Flat,0,1,0
Flat,0,1,0
Up,1,0,0
Flat,0,1,0
Up,1,0,0
Up,1,0,0
Down,0,0,1
Flat,0,1,0
Up,1,0,0
Up,1,0,0
Flat,0,1,0
Up,1,0,0
Flat,0,1,0
Up,1,0,0
Up,1,0,0
Flat,0,1,0
Up,1,0,0
Flat,0,1,0
Flat,0,1,0
Up,1,0,0
Flat,0,1,0
Up,1,0,0
Flat,0,1,0
Flat,0,1,0
Up,1,0,0
Flat,0,1,0
Flat,0,1,0
Up,1,0,0
Up,1,0,0
Down,0,0,1
Up,1,0,0
Flat,0,1,0
Up,1,0,0
Up,1,0,0
Flat,0,1,0
Flat,0,1,0
Up,1,0,0
Flat,0,1,0
Flat,0,1,0
Up,1,0,0
Up,1,0,0
Up,1,0,0
Flat,0,1,0
Flat,0,1,0
Up,1,0,0
Flat,0,1,0
Flat,0,1,0
Flat,0,1,0
Flat,0,1,0
Flat,0,1,0
Up,1,0,0
Flat,0,1,0
Flat,0,1,0
Up,1,0,0
Up,1,0,0
Up,1,0,0
Up,1,0,0
Flat,0,1,0
Up,1,0,0
Down,0,0,1
Down,0,0,1
Down,0,0,1
Flat,0,1,0
Flat,0,1,0
Flat,0,1,0
Up,1,0,0
Down,0,0,1
Up,1,0,0
Flat,0,1,0
Flat,0,1,0
Up,1,0,0
Up,1,0,0
Flat,0,1,0
Up,1,0,0
Up,1,0,0
Down,0,0,1
Up,1,0,0
Down,0,0,1
Up,1,0,0
Flat,0,1,0
Up,1,0,0
Up,1,0,0
Flat,0,1,0
Up,1,0,0
Flat,0,1,0
Up,1,0,0
Up,1,0,0
Flat,0,1,0
Up,1,0,0
Flat,0,1,0
Up,1,0,0
Up,1,0,0
Up,1,0,0
Flat,0,1,0
Up,1,0,0
Flat,0,1,0
Up,1,0,0
Up,1,0,0
Down,0,0,1
Up,1,0,0
Flat,0,1,0
Flat,0,1,0
Flat,0,1,0
Flat,0,1,0
Up,1,0,0
Flat,0,1,0
Up,1,0,0
Up,1,0,0
Up,1,0,0
Down,0,0,1
Flat,0,1,0
Flat,0,1,0
Flat,0,1,0
Flat,0,1,0
Flat,0,1,0
Flat,0,1,0
Up,1,0,0
Flat,0,1,0
Flat,0,1,0
Flat,0,1,0
Flat,0,1,0
Up,1,0,0
Down,0,0,1
Flat,0,1,0
Up,1,0,0
Flat,0,1,0
Up,1,0,0
Up,1,0,0
Flat,0,1,0
Up,1,0,0
Flat,0,1,0
Flat,0,1,0
Up,1,0,0
Down,0,0,1
Up,1,0,0
Up,1,0,0
Up,1,0,0
Flat,0,1,0
Flat,0,1,0
Flat,0,1,0
Up,1,0,0
Up,1,0,0
Up,1,0,0
Up,1,0,0
Flat,0,1,0
Up,1,0,0
Flat,0,1,0
Flat,0,1,0
Up,1,0,0
Flat,0,1,0
Flat,0,1,0
Down,0,0,1
Flat,0,1,0
Flat,0,1,0
Flat,0,1,0
Flat,0,1,0
Up,1,0,0
Up,1,0,0
Up,1,0,0
Up,1,0,0
Flat,0,1,0
Up,1,0,0
Flat,0,1,0
Flat,0,1,0
Up,1,0,0
Up,1,0,0
Up,1,0,0
Flat,0,1,0
Flat,0,1,0
Flat,0,1,0
Up,1,0,0
Flat,0,1,0
Flat,0,1,0
Flat,0,1,0
Up,1,0,0
Up,1,0,0
Flat,0,1,0
Down,0,0,1
Up,1,0,0
Flat,0,1,0
Up,1,0,0
Up,1,0,0
Flat,0,1,0
Up,1,0,0
Flat,0,1,0
Down,0,0,1
Up,1,0,0
Up,1,0,0
Up,1,0,0
Up,1,0,0
Flat,0,1,0
Flat,0,1,0
Flat,0,1,0
Up,1,0,0
Up,1,0,0
Up,1,0,0
Up,1,0,0
Up,1,0,0
Flat,0,1,0
Flat,0,1,0
Up,1,0,0
Up,1,0,0
Up,1,0,0
Flat,0,1,0
Flat,0,1,0
Up,1,0,0
Down,0,0,1
Up,1,0,0
Up,1,0,0
Flat,0,1,0
Flat,0,1,0
Flat,0,1,0
Up,1,0,0
Up,1,0,0
Flat,0,1,0
Flat,0,1,0
Up,1,0,0
Flat,0,1,0
Flat,0,1,0
Flat,0,1,0
Up,1,0,0
Flat,0,1,0
Flat,0,1,0
Up,1,0,0
Flat,0,1,0
Up,1,0,0
Up,1,0,0
Down,0,0,1
Flat,0,1,0
Flat,0,1,0
Up,1,0,0
Down,0,0,1
Flat,0,1,0
Up,1,0,0
Down,0,0,1
Up,1,0,0
Flat,0,1,0
Up,1,0,0
Flat,0,1,0
Flat,0,1,0
Flat,0,1,0
Flat,0,1,0
Flat,0,1,0
Flat,0,1,0
Up,1,0,0
